<?xml version="1.0" encoding="utf-8"?>
<!--/938125/434696/2.49/10/4/Connector/-->
<quadcept_library>
  <setting unit="mil" />
  <textstyle name="Default" height="47.244094488189" strokewidth="7.8740157480315" charwidth="47.244094488189" />
  <textstyle name="Dimension" height="19.6850393700787" strokewidth="0" charwidth="19.6850393700787" />
  <textstyle name="H127W0635TH00762" height="50" strokewidth="3" charwidth="25" />
  <textstyle name="H15W15TH02" height="59.0551181102362" strokewidth="7.8740157480315" charwidth="59.0551181102362" />
  <padstyle name="r100_30" surface="True" plated="False" isvia="False" nopaste="False" nomask="True" complex="False" holesize="0">
    <padshape layer="TOP" shape="rectangle" width="11.811023622047" height="39.370078740157" />
    <padshape layer="TOP_SOLDER_MASK" shape="rectangle" width="19.685039370078" height="47.244094488188" />
    <padshape layer="TOP_SOLDER_PASTE" shape="rectangle" width="11.811023622047" height="39.370078740157" />
  </padstyle>
  <padstyle name="r165_130" surface="True" plated="False" isvia="False" nopaste="False" nomask="True" complex="False" holesize="0">
    <padshape layer="TOP" shape="rectangle" width="51.181102362204" height="64.960629921259" />
    <padshape layer="TOP_SOLDER_MASK" shape="rectangle" width="59.055118110235" height="72.83464566929" />
    <padshape layer="TOP_SOLDER_PASTE" shape="rectangle" width="51.181102362204" height="64.960629921259" />
  </padstyle>
  <footprint name="687108183722" originx="0" originy="0" pickpointx="0" pickpointy="0">
    <pcbpin number="1" name="1" style="r100_30" originx="-68.897637795275" originy="74.803149606298" rotation="0" />
    <pcbpin number="2" name="2" style="r100_30" originx="-49.212598425196" originy="74.803149606298" rotation="0" />
    <pcbpin number="3" name="3" style="r100_30" originx="-29.527559055118" originy="74.803149606298" rotation="0" />
    <pcbpin number="4" name="4" style="r100_30" originx="-9.8425196850392" originy="74.803149606298" rotation="0" />
    <pcbpin number="5" name="5" style="r100_30" originx="9.8425196850392" originy="74.803149606298" rotation="0" />
    <pcbpin number="6" name="6" style="r100_30" originx="29.527559055118" originy="74.803149606298" rotation="0" />
    <pcbpin number="7" name="7" style="r100_30" originx="49.212598425196" originy="74.803149606298" rotation="0" />
    <pcbpin number="8" name="8" style="r100_30" originx="68.897637795275" originy="74.803149606298" rotation="0" />
    <pcbpin number="9" name="MP1" style="r165_130" originx="-158.46456692913" originy="0" rotation="90" />
    <pcbpin number="10" name="MP2" style="r165_130" originx="158.46456692913" originy="0" rotation="90" />
    <line layer="TOP_ASSEMBLY" originx="-190.94488188976" originy="74.803149606298" endx="190.94488188976" endy="74.803149606298" width="7.8740157480314" />
    <line layer="TOP_ASSEMBLY" originx="190.94488188976" originy="74.803149606298" endx="190.94488188976" endy="-74.803149606298" width="7.8740157480314" />
    <line layer="TOP_ASSEMBLY" originx="190.94488188976" originy="-74.803149606298" endx="-190.94488188976" endy="-74.803149606298" width="7.8740157480314" />
    <line layer="TOP_ASSEMBLY" originx="-190.94488188976" originy="-74.803149606298" endx="-190.94488188976" endy="74.803149606298" width="7.8740157480314" />
    <line layer="TOP_PLACE_BOUND" originx="-230.31496062992" originy="159.44881889764" endx="230.31496062992" endy="159.44881889764" width="3.9370078740157" />
    <line layer="TOP_PLACE_BOUND" originx="230.31496062992" originy="159.44881889764" endx="230.31496062992" endy="-114.17322834646" width="3.9370078740157" />
    <line layer="TOP_PLACE_BOUND" originx="230.31496062992" originy="-114.17322834646" endx="-230.31496062992" endy="-114.17322834646" width="3.9370078740157" />
    <line layer="TOP_PLACE_BOUND" originx="-230.31496062992" originy="-114.17322834646" endx="-230.31496062992" endy="159.44881889764" width="3.9370078740157" />
    <line layer="TOP_SILKSCREEN" originx="-190.94488188976" originy="-39.370078740157" endx="-190.94488188976" endy="-74.803149606298" width="3.9370078740157" />
    <line layer="TOP_SILKSCREEN" originx="-190.94488188976" originy="-74.803149606298" endx="190.94488188976" endy="-74.803149606298" width="3.9370078740157" />
    <line layer="TOP_SILKSCREEN" originx="190.94488188976" originy="-74.803149606298" endx="190.94488188976" endy="-39.370078740157" width="3.9370078740157" />
    <line layer="TOP_SILKSCREEN" originx="-190.94488188976" originy="39.370078740157" endx="-190.94488188976" endy="74.803149606298" width="3.9370078740157" />
    <line layer="TOP_SILKSCREEN" originx="-190.94488188976" originy="74.803149606298" endx="-98.425196850392" endy="74.803149606298" width="3.9370078740157" />
    <line layer="TOP_SILKSCREEN" originx="98.425196850392" originy="74.803149606298" endx="190.94488188976" endy="74.803149606298" width="3.9370078740157" />
    <line layer="TOP_SILKSCREEN" originx="190.94488188976" originy="74.803149606298" endx="190.94488188976" endy="39.370078740157" width="3.9370078740157" />
    <line layer="TOP_SILKSCREEN" originx="-78.740157480314" originy="118.11023622047" endx="-78.740157480314" endy="118.11023622047" width="3.9370078740157" />
    <arc layer="TOP_SILKSCREEN" originx="-76.771653543306" originy="118.11023622047" startangle="180.0" sweepangle="180.0" radius="1.9685039370078" width="3.9370078740157" />
    <line layer="TOP_SILKSCREEN" originx="-74.803149606298" originy="118.11023622047" endx="-74.803149606298" endy="118.11023622047" width="3.9370078740157" />
    <arc layer="TOP_SILKSCREEN" originx="-76.771653543306" originy="118.11023622047" startangle=".0" sweepangle="180.0" radius="1.9685039370078" width="3.9370078740157" />
  </footprint>
  <symbol name="687108183722" originx="0" originy="0">
    <line originx="200" originy="100" endx="700" endy="100" width="0" />
    <line originx="700" originy="-800" endx="700" endy="100" width="0" />
    <line originx="700" originy="-800" endx="200" endy="-800" width="0" />
    <line originx="200" originy="100" endx="200" endy="-800" width="0" />
    <sympin number="1" originx="700" originy="0" rotation="0" length="100" width="7.8740157480315" flipped="False">
      <text name="pinname" originx="670" originy="0" style="Default" rotation="0" justify="right" flipped="False" hidden="False" data="1" />
      <text name="pindes" originx="760" originy="20" style="Default" rotation="0" justify="lowerleft" flipped="False" hidden="False" data="1" />
    </sympin>
    <sympin number="2" originx="700" originy="-100" rotation="0" length="100" width="7.8740157480315" flipped="False">
      <text name="pinname" originx="670" originy="-100" style="Default" rotation="0" justify="right" flipped="False" hidden="False" data="2" />
      <text name="pindes" originx="760" originy="-80" style="Default" rotation="0" justify="lowerleft" flipped="False" hidden="False" data="2" />
    </sympin>
    <sympin number="3" originx="700" originy="-200" rotation="0" length="100" width="7.8740157480315" flipped="False">
      <text name="pinname" originx="670" originy="-200" style="Default" rotation="0" justify="right" flipped="False" hidden="False" data="3" />
      <text name="pindes" originx="760" originy="-180" style="Default" rotation="0" justify="lowerleft" flipped="False" hidden="False" data="3" />
    </sympin>
    <sympin number="4" originx="700" originy="-300" rotation="0" length="100" width="7.8740157480315" flipped="False">
      <text name="pinname" originx="670" originy="-300" style="Default" rotation="0" justify="right" flipped="False" hidden="False" data="4" />
      <text name="pindes" originx="760" originy="-280" style="Default" rotation="0" justify="lowerleft" flipped="False" hidden="False" data="4" />
    </sympin>
    <sympin number="5" originx="700" originy="-400" rotation="0" length="100" width="7.8740157480315" flipped="False">
      <text name="pinname" originx="670" originy="-400" style="Default" rotation="0" justify="right" flipped="False" hidden="False" data="5" />
      <text name="pindes" originx="760" originy="-380" style="Default" rotation="0" justify="lowerleft" flipped="False" hidden="False" data="5" />
    </sympin>
    <sympin number="6" originx="700" originy="-500" rotation="0" length="100" width="7.8740157480315" flipped="False">
      <text name="pinname" originx="670" originy="-500" style="Default" rotation="0" justify="right" flipped="False" hidden="False" data="6" />
      <text name="pindes" originx="760" originy="-480" style="Default" rotation="0" justify="lowerleft" flipped="False" hidden="False" data="6" />
    </sympin>
    <sympin number="7" originx="700" originy="-600" rotation="0" length="100" width="7.8740157480315" flipped="False">
      <text name="pinname" originx="670" originy="-600" style="Default" rotation="0" justify="right" flipped="False" hidden="False" data="7" />
      <text name="pindes" originx="760" originy="-580" style="Default" rotation="0" justify="lowerleft" flipped="False" hidden="False" data="7" />
    </sympin>
    <sympin number="8" originx="700" originy="-700" rotation="0" length="100" width="7.8740157480315" flipped="False">
      <text name="pinname" originx="670" originy="-700" style="Default" rotation="0" justify="right" flipped="False" hidden="False" data="8" />
      <text name="pindes" originx="760" originy="-680" style="Default" rotation="0" justify="lowerleft" flipped="False" hidden="False" data="8" />
    </sympin>
    <sympin number="9" originx="200" originy="0" rotation="180" length="100" width="7.8740157480315" flipped="False">
      <text name="pinname" originx="230" originy="0" style="Default" rotation="0" justify="left" flipped="False" hidden="False" data="MP1" />
      <text name="pindes" originx="140" originy="20" style="Default" rotation="0" justify="lowerright" flipped="False" hidden="False" data="MP1" />
    </sympin>
    <sympin number="10" originx="200" originy="-100" rotation="180" length="100" width="7.8740157480315" flipped="False">
      <text name="pinname" originx="230" originy="-100" style="Default" rotation="0" justify="left" flipped="False" hidden="False" data="MP2" />
      <text name="pindes" originx="140" originy="-80" style="Default" rotation="0" justify="lowerright" flipped="False" hidden="False" data="MP2" />
    </sympin>
  </symbol>
  <component name="687108183722" designatorprefix="J" height="51.181102362204" footprint="687108183722">
    <comppin designator="1" sympin="1" pinswap="0" gateswap="0" gate="1" group="1" side="" type="Any" name="1" />
    <comppin designator="2" sympin="2" pinswap="0" gateswap="0" gate="1" group="1" side="" type="Any" name="2" />
    <comppin designator="3" sympin="3" pinswap="0" gateswap="0" gate="1" group="1" side="" type="Any" name="3" />
    <comppin designator="4" sympin="4" pinswap="0" gateswap="0" gate="1" group="1" side="" type="Any" name="4" />
    <comppin designator="5" sympin="5" pinswap="0" gateswap="0" gate="1" group="1" side="" type="Any" name="5" />
    <comppin designator="6" sympin="6" pinswap="0" gateswap="0" gate="1" group="1" side="" type="Any" name="6" />
    <comppin designator="7" sympin="7" pinswap="0" gateswap="0" gate="1" group="1" side="" type="Any" name="7" />
    <comppin designator="8" sympin="8" pinswap="0" gateswap="0" gate="1" group="1" side="" type="Any" name="8" />
    <comppin designator="MP1" sympin="9" pinswap="0" gateswap="0" gate="1" group="1" side="" type="Any" name="MP1" />
    <comppin designator="MP2" sympin="10" pinswap="0" gateswap="0" gate="1" group="1" side="" type="Any" name="MP2" />
    <attached_symbol gate="1" name="687108183722" />
    <pinmap designator="1" footprintpin="1" />
    <pinmap designator="2" footprintpin="2" />
    <pinmap designator="3" footprintpin="3" />
    <pinmap designator="4" footprintpin="4" />
    <pinmap designator="5" footprintpin="5" />
    <pinmap designator="6" footprintpin="6" />
    <pinmap designator="7" footprintpin="7" />
    <pinmap designator="8" footprintpin="8" />
    <pinmap designator="MP1" footprintpin="9" />
    <pinmap designator="MP2" footprintpin="10" />
    <text name="Datasheet" originx="0" originy="0" style="Default" rotation="0" justify="" flipped="False" hidden="True" data="https://componentsearchengine.com/Datasheets/1/687108183722.pdf" />
    <text name="Description" originx="0" originy="0" style="Default" rotation="0" justify="" flipped="False" hidden="True" data="Wurth Elektronik WR-FPC Series 0.5mm Pitch 8 Way Horizontal SMT Female FPC Connector, Bottom Contact" />
    <text name="Mouser Part Number" originx="0" originy="0" style="Default" rotation="0" justify="" flipped="False" hidden="True" data="710-687108183722" />
    <text name="Mouser Price/Stock" originx="0" originy="0" style="Default" rotation="0" justify="" flipped="False" hidden="True" data="https://www.mouser.co.uk/ProductDetail/Wurth-Elektronik/687108183722?qs=5aG0NVq1C4xXKc1RTH472A%3D%3D" />
    <text name="Manufacturer_Name" originx="0" originy="0" style="Default" rotation="0" justify="" flipped="False" hidden="True" data="Wurth Elektronik" />
    <text name="Manufacturer_Part_Number" originx="750" originy="200" style="Default" rotation="0" justify="left" flipped="False" hidden="False" data="687108183722" />
  </component>
</quadcept_library>
